<?xml version="1.0" encoding="UTF-8" standalone="no"?>
<TcBusinessDataIncludes>
    <include iconfile="Fnd0sm_blue_overlay_16.png"/>
    <include iconfile="Fnd0sm_green_overlay_16.png"/>
    <include iconfile="Fnd0sm_grey_overlay_16.png"/>
    <include iconfile="Fnd0sm_milestone_black_16.png"/>
    <include iconfile="Fnd0sm_milestone_blue_16.png"/>
    <include iconfile="Fnd0sm_milestone_green_16.png"/>
    <include iconfile="Fnd0sm_milestone_grey_16.png"/>
    <include iconfile="Fnd0sm_milestone_red_16.png"/>
    <include iconfile="Fnd0sm_milestone_yellow_16.png"/>
    <include iconfile="Fnd0sm_proxy_task_16.png"/>
    <include iconfile="Fnd0sm_red_overlay_16.png"/>
    <include iconfile="Fnd0sm_schedule_16.png"/>
    <include iconfile="Fnd0sm_schedule_template_16.png"/>
    <include iconfile="Fnd0sm_task_16.png"/>
    <include iconfile="Fnd0sm_yellow_overlay_16.png"/>
    <include iconfile="Fnd0sm_cmminspect_16.png"/>
    <include iconfile="Fnd0auditmanager_16.png"/>
    <include iconfile="Fnd0sm_x_overlay_16.png"/>
    <include iconfile="Fnd0sm_milestone_line_16.png"/>
    <include iconfile="Fnd0resourcePool_16.png"/>
    <include iconfile="Fnd0resourceAssignment_16.png"/>
    <include iconfile="Fnd0foldercollapsed_16.png"/>
    <include iconfile="Fnd0assignment_16.png"/>
    <include iconfile="Fnd0constraint_rule_16.png"/>
    <include iconfile="Fnd0default_rule_16.png"/>
    <include iconfile="Fnd0homefolder_16.png"/>
    <include iconfile="Fnd0variant_option_family_16.png"/>
    <include iconfile="Fnd0variant_option_group_16.png"/>
    <include iconfile="Fnd0production_program_collection_16.png"/>
    <include iconfile="Fnd0production_program_structure_16.png"/>
    <include iconfile="Fnd0production_program_definition_16.png"/>
    <include iconfile="Fnd0Variant_16.png"/>
    <include iconfile="Fnd0variant_option_value_16.png"/>
    <include iconfile="Fnd0plc_16.png"/>
    <include iconfile="Fnd0plc_24.png"/>
    <include iconfile="Fnd0plc_32.png"/>
    <include iconfile="Fnd0plc_rev_16.png"/>
    <include iconfile="Fnd0plc_rev_24.png"/>
    <include iconfile="Fnd0plc_rev_32.png"/>
    <include iconfile="Fnd0robot_16.png"/>
    <include iconfile="Fnd0robot_24.png"/>
    <include iconfile="Fnd0robot_32.png"/>
    <include iconfile="Fnd0robot_rev_16.png"/>
    <include iconfile="Fnd0robot_rev_24.png"/>
    <include iconfile="Fnd0robot_rev_32.png"/>
    <include iconfile="Fnd0sensor_16.png"/>
    <include iconfile="Fnd0sensor_24.png"/>
    <include iconfile="Fnd0sensor_32.png"/>
    <include iconfile="Fnd0sensor_rev_16.png"/>
    <include iconfile="Fnd0sensor_rev_24.png"/>
    <include iconfile="Fnd0tcvisconstraint_16.png"/>
    <include iconfile="Fnd0sensor_rev_32.png"/>
    <include iconfile="Fnd0AdminLOVValue_16.png"/>
    <include iconfile="Fnd0note_standard_occ_16.png"/>
    <include iconfile="Fnd0visual_report_definition_16.png"/>
    <include iconfile="Fnd0visual_report_definition_24.png"/>
    <include iconfile="Fnd0visual_report_definition_32.png"/>
    <include iconfile="vis_app_overlay_16.png"/>
    <include iconfile="vis_app_overlay_32.png"/>
    <include iconfile="Fnd0pseviewtype_16.png"/>
    <include iconfile="Fnd0MarkupSpace_16.png"/>
    <include iconfile="Fnd0psoccurrencetype_16.png"/>
    <include iconfile="Fnd0Branch_16.png"/>
    <include iconfile="Fnd0Branch_24.png"/>
    <include iconfile="Fnd0Branch_32.png"/>
    <include iconfile="Fnd0table_row_16.png"/>
    <include iconfile="Fnd0InactiveBranch_16.png"/>
    <include iconfile="Fnd0message_closed_16.png"/>
    <include iconfile="Fnd0message_closed_24.png"/>
    <include iconfile="Fnd0message_closed_32.png"/>
    <include iconfile="Fnd0message_open_16.png"/>
    <include iconfile="Fnd0message_open_24.png"/>
    <include iconfile="Fnd0message_open_32.png"/>
    <include iconfile="Fnd0html_obj_tmpl_16.png"/>
    <include iconfile="Fnd0html_obj_tmpl_rev_16.png"/>
    <include iconfile="Fnd0event_type_16.png"/>
    <include iconfile="Fnd0event_type_24.png"/>
    <include iconfile="Fnd0event_type_32.png"/>
    <include iconfile="Fnd0subscription_template_16.png"/>
    <include iconfile="Fnd0subscription_template_24.png"/>
    <include iconfile="Fnd0subscription_template_32.png"/>
    <include iconfile="Fnd0Pipa_16.png"/>
    <include iconfile="Fnd0ModelViewProxy_16.png"/>
    <include iconfile="Fnd0ModelViewProxy_24.png"/>
    <include iconfile="Fnd0ModelViewProxy_32.png"/>
    <include iconfile="Fnd0ModelViewGroup_16.png"/>
    <include iconfile="Fnd0ModelViewGroup_32.png"/>
    <include iconfile="Fnd0ModelViewPalette_16.png"/>
    <include iconfile="Fnd0ModelViewPalette_32.png"/>
    <include iconfile="Fnd0RefFrame_16.png"/>
    <include iconfile="Fnd0EmailPollingConfig_16.png"/>
    <include iconfile="Fnd0EmailPollingConfig_24.png"/>
    <include iconfile="Fnd0EmailPollingConfig_32.png"/>
    <include iconfile="Fnd0EmailPollingRule_16.png"/>
    <include iconfile="Fnd0EmailPollingRule_24.png"/>
    <include iconfile="Fnd0EmailPollingRule_32.png"/>
    <include iconfile="Fnd0Fastener_16.png"/>
    <include iconfile="Fnd0Cable_16px.png"/>
    <include iconfile="Fnd0Cable_24px.png"/>
    <include iconfile="Fnd0Cable_32px.png"/>
    <include iconfile="Fnd0CableRevision_16px.png"/>
    <include iconfile="Fnd0CableRevision_24px.png"/>
    <include iconfile="Fnd0CableRevision_32px.png"/>    
    <include iconfile="Fnd0SubstituteGroup_16.png"/>    
    <include iconfile="Fnd0AlternateGroup_16.png"/>    
    <include iconfile="Fnd0SubstituteGroup_24.png"/>    
    <include iconfile="Fnd0AlternateGroup_24.png"/>    
    <include iconfile="Fnd0SubstituteGroup_32.png"/>    
    <include iconfile="Fnd0AlternateGroup_32.png"/>    
    <include iconfile="Fnd0AppSession_16.png"/>    
    <include iconfile="Fnd0AppSession_24.png"/>    
    <include iconfile="Fnd0AppSession_32.png"/>    
    <include iconfile="Fnd0SnapShot_16.png"/>    
    <include iconfile="Fnd0SnapShot_24.png"/>    
    <include iconfile="Fnd0SnapShot_32.png"/>
</TcBusinessDataIncludes>
